Request ID,Timestamp,Section,Model Version,Input Tokens,Output Tokens,Total Tokens,Cost per 1M Input ($),Cost per 1M Output ($),Input Cost ($),Output Cost ($),Total Cost ($)
20250508_aa82f318,2025-05-08 13:47:52,Table of Contents Generation,gemini-2.5-pro-preview-05-06,566,1785,2351,1.25,10.0,0.000708,0.01785,0.018558
20250508_aa82f318,2025-05-08 13:47:54,Table of Contents Extraction,gemini-2.5-flash-preview-04-17,2456,112,2568,0.15,3.5,0.000368,0.000392,0.00076
20250508_aa82f318,2025-05-08 13:48:09,Section 1: Executive Summary,gemini-2.5-pro-preview-05-06,3097,549,3646,1.25,10.0,0.003871,0.00549,0.009361
20250508_aa82f318,2025-05-08 13:48:23,Content Polishing,gemini-2.5-flash-preview-04-17,1666,1175,2841,0.15,3.5,0.00025,0.004112,0.004362
20250508_aa82f318,2025-05-08 13:48:44,Section 2: Introduction: The Evolving South Korean Credit Card Landscape,gemini-2.5-pro-preview-05-06,4400,1147,5547,1.25,10.0,0.0055,0.01147,0.01697
20250508_aa82f318,2025-05-08 13:49:06,Content Polishing,gemini-2.5-flash-preview-04-17,2853,2414,5267,0.15,3.5,0.000428,0.008449,0.008877
20250508_aa82f318,2025-05-08 13:49:36,Section 3: Macro-Environmental Analysis: Shaping Forces in the South Korean Credit Card Market,gemini-2.5-pro-preview-05-06,6305,2301,8606,1.25,10.0,0.007881,0.02301,0.030891
20250508_aa82f318,2025-05-08 13:50:07,Content Polishing,gemini-2.5-flash-preview-04-17,2853,2341,5194,0.15,3.5,0.000428,0.008193,0.008621
20250508_aa82f318,2025-05-08 13:50:39,Section 4: Competitive Landscape: Profiling Key Players,gemini-2.5-pro-preview-05-06,9356,2365,11721,1.25,10.0,0.011695,0.02365,0.035345
20250508_aa82f318,2025-05-08 13:51:09,Content Polishing,gemini-2.5-flash-preview-04-17,4749,4463,9212,0.15,3.5,0.000712,0.015621,0.016333
20250508_aa82f318,2025-05-08 13:52:01,Section 5: Comparative Product Analysis: Unveiling Competitive Differentiators,gemini-2.5-pro-preview-05-06,12474,3533,16007,1.25,10.0,0.015593,0.03533,0.050923
20250508_aa82f318,2025-05-08 13:52:25,Content Polishing,gemini-2.5-flash-preview-04-17,4085,3651,7736,0.15,3.5,0.000613,0.012778,0.013391
20250508_aa82f318,2025-05-08 13:52:56,Section 6: Financial Performance and Portfolio Health,gemini-2.5-pro-preview-05-06,16756,2542,19298,1.25,10.0,0.020945,0.02542,0.046365
20250508_aa82f318,2025-05-08 13:53:18,Content Polishing,gemini-2.5-flash-preview-04-17,3094,2651,5745,0.15,3.5,0.000464,0.009279,0.009743
20250508_aa82f318,2025-05-08 13:53:45,Section 7: Strategic SWOT Analysis for KB Kookmin Bank's Credit Card Division,gemini-2.5-pro-preview-05-06,20056,1842,21898,1.25,10.0,0.02507,0.01842,0.04349
20250508_aa82f318,2025-05-08 13:54:00,Content Polishing,gemini-2.5-flash-preview-04-17,2394,1978,4372,0.15,3.5,0.000359,0.006923,0.007282
20250508_aa82f318,2025-05-08 13:54:23,Section 8: Strategic Recommendations for KB Kookmin Bank,gemini-2.5-pro-preview-05-06,22650,1789,24439,1.25,10.0,0.028313,0.01789,0.046203
20250508_aa82f318,2025-05-08 13:54:44,Content Polishing,gemini-2.5-flash-preview-04-17,2341,1984,4325,0.15,3.5,0.000351,0.006944,0.007295
20250508_aa82f318,2025-05-08 13:54:58,Section 9: Conclusion: Charting a Course for Sustained Growth and Market Leadership,gemini-2.5-pro-preview-05-06,25196,809,26005,1.25,10.0,0.031495,0.00809,0.039585
20250508_aa82f318,2025-05-08 13:55:10,Content Polishing,gemini-2.5-flash-preview-04-17,1361,863,2224,0.15,3.5,0.000204,0.003021,0.003225
20250508_07d1a76f,2025-05-08 14:04:50,Table of Contents Generation,gemini-2.5-pro-preview-05-06,990,2765,3755,1.25,10.0,0.001238,0.02765,0.028888
20250508_07d1a76f,2025-05-08 14:04:53,Table of Contents Extraction,gemini-2.5-flash-preview-04-17,3860,146,4006,0.15,3.5,0.000579,0.000511,0.00109
20250508_07d1a76f,2025-05-08 14:05:20,Section 1: 1. Executive Summary,gemini-2.5-pro-preview-05-06,4504,991,5495,1.25,10.0,0.00563,0.00991,0.01554
20250508_07d1a76f,2025-05-08 14:05:40,Content Polishing,gemini-2.5-flash-preview-04-17,2550,1612,4162,0.15,3.5,0.000382,0.005642,0.006024
20250508_07d1a76f,2025-05-08 14:06:09,Section 2: 2. Introduction: Navigating the Premium Credit Card Landscape in South Korea,gemini-2.5-pro-preview-05-06,6254,991,7245,1.25,10.0,0.007817,0.00991,0.017727
20250508_07d1a76f,2025-05-08 14:06:30,Content Polishing,gemini-2.5-flash-preview-04-17,2638,1690,4328,0.15,3.5,0.000396,0.005915,0.006311
20250508_07d1a76f,2025-05-08 14:07:07,Section 3: 3. Market Performance Analysis (2024 Q1 Focus),gemini-2.5-pro-preview-05-06,8003,2149,10152,1.25,10.0,0.010004,0.02149,0.031494
20250508_07d1a76f,2025-05-08 14:07:32,Content Polishing,gemini-2.5-flash-preview-04-17,4587,3830,8417,0.15,3.5,0.000688,0.013405,0.014093
20250508_07d1a76f,2025-05-08 14:08:13,"Section 4: 4. Competitive Landscape: KB Kookmin Bank vs. Key Competitors (Hana Bank, Woori Bank)",gemini-2.5-pro-preview-05-06,10918,3012,13930,1.25,10.0,0.013647,0.03012,0.043767
20250508_07d1a76f,2025-05-08 14:08:37,Content Polishing,gemini-2.5-flash-preview-04-17,3971,3286,7257,0.15,3.5,0.000596,0.011501,0.012097
20250508_07d1a76f,2025-05-08 14:09:12,Section 5: 5. Strategic Analysis: Implications for KB Kookmin Bank,gemini-2.5-pro-preview-05-06,14687,2399,17086,1.25,10.0,0.018359,0.02399,0.042349
20250508_07d1a76f,2025-05-08 14:09:36,Content Polishing,gemini-2.5-flash-preview-04-17,3358,2688,6046,0.15,3.5,0.000504,0.009408,0.009912
20250508_07d1a76f,2025-05-08 14:10:13,Section 6: 6. Key Performance Metrics (KPI) Dashboard,gemini-2.5-pro-preview-05-06,17840,2668,20508,1.25,10.0,0.0223,0.02668,0.04898
20250508_07d1a76f,2025-05-08 14:10:41,Content Polishing,gemini-2.5-flash-preview-04-17,3627,2805,6432,0.15,3.5,0.000544,0.009817,0.010361
20250508_07d1a76f,2025-05-08 14:11:14,Section 7: 7. Target Market Segment Analysis,gemini-2.5-pro-preview-05-06,21259,2587,23846,1.25,10.0,0.026574,0.02587,0.052444
20250508_07d1a76f,2025-05-08 14:11:38,Content Polishing,gemini-2.5-flash-preview-04-17,3546,2789,6335,0.15,3.5,0.000532,0.009761,0.010293
20250508_07d1a76f,2025-05-08 14:12:07,Section 8: 8. Strategic Opportunities for KB Kookmin Bank,gemini-2.5-pro-preview-05-06,24601,1827,26428,1.25,10.0,0.030751,0.01827,0.049021
20250508_07d1a76f,2025-05-08 14:12:30,Content Polishing,gemini-2.5-flash-preview-04-17,2786,2044,4830,0.15,3.5,0.000418,0.007154,0.007572
20250508_07d1a76f,2025-05-08 14:12:55,Section 9: 9. Risk Assessment and Mitigation Strategies,gemini-2.5-pro-preview-05-06,27180,2088,29268,1.25,10.0,0.033975,0.02088,0.054855
20250508_07d1a76f,2025-05-08 14:13:20,Content Polishing,gemini-2.5-flash-preview-04-17,3047,2281,5328,0.15,3.5,0.000457,0.007983,0.00844
20250508_07d1a76f,2025-05-08 14:13:48,Section 10: 10. Actionable Recommendations and Roadmap,gemini-2.5-pro-preview-05-06,30021,2070,32091,1.25,10.0,0.037526,0.0207,0.058226
20250508_07d1a76f,2025-05-08 14:14:11,Content Polishing,gemini-2.5-flash-preview-04-17,3029,2333,5362,0.15,3.5,0.000454,0.008165,0.008619
20250508_277c5600,2025-05-08 14:35:22,Table of Contents Generation,gemini-2.5-pro-preview-05-06,1056,2344,3400,1.25,10.0,0.00132,0.02344,0.02476
20250508_277c5600,2025-05-08 14:35:27,Table of Contents Extraction,gemini-2.5-flash-preview-04-17,3505,108,3613,0.15,3.5,0.000526,0.000378,0.000904
20250508_277c5600,2025-05-08 14:35:44,Section 1: Executive Summary,gemini-2.5-pro-preview-05-06,4146,454,4600,1.25,10.0,0.005182,0.00454,0.009722
20250508_4bc74655,2025-05-08 14:37:56,Table of Contents Generation,gemini-2.5-pro-preview-05-06,1056,2255,3311,1.25,10.0,0.00132,0.02255,0.02387
20250508_4bc74655,2025-05-08 14:37:59,Table of Contents Extraction,gemini-2.5-flash-preview-04-17,3416,156,3572,0.15,3.5,0.000512,0.000546,0.001058
20250508_4bc74655,2025-05-08 14:38:22,Section 1: 1.0 Executive Summary,gemini-2.5-pro-preview-05-06,4061,736,4797,1.25,10.0,0.005076,0.00736,0.012436
20250508_4bc74655,2025-05-08 14:38:37,Content Polishing,gemini-2.5-flash-preview-04-17,2374,1418,3792,0.15,3.5,0.000356,0.004963,0.005319
20250508_4bc74655,2025-05-08 14:38:56,Section 2: 2.0 Introduction: The South Korean Premium Credit Card Market Landscape,gemini-2.5-pro-preview-05-06,5555,849,6404,1.25,10.0,0.006944,0.00849,0.015434
20250508_4bc74655,2025-05-08 14:39:15,Content Polishing,gemini-2.5-flash-preview-04-17,2456,1502,3958,0.15,3.5,0.000368,0.005257,0.005625
20250508_4bc74655,2025-05-08 14:39:36,Section 3: 3.0 Methodology,gemini-2.5-pro-preview-05-06,7153,992,8145,1.25,10.0,0.008941,0.00992,0.018861
20250508_4bc74655,2025-05-08 14:40:08,Content Polishing,gemini-2.5-flash-preview-04-17,1988,992,2980,0.15,3.5,0.000298,0.003472,0.00377
20250508_4bc74655,2025-05-08 14:41:00,Section 4: 4.0 Competitive Product Feature Comparison: Premium Credit Cards,gemini-2.5-pro-preview-05-06,8901,2968,11869,1.25,10.0,0.011126,0.02968,0.040806
20250508_4bc74655,2025-05-08 14:41:42,Content Polishing,gemini-2.5-flash-preview-04-17,6048,5280,11328,0.15,3.5,0.000907,0.01848,0.019387
20250508_4bc74655,2025-05-08 14:42:12,Section 5: 5.0 Pricing and Fee Structure Analysis,gemini-2.5-pro-preview-05-06,12622,2333,14955,1.25,10.0,0.015777,0.02333,0.039107
20250508_4bc74655,2025-05-08 14:42:43,Content Polishing,gemini-2.5-flash-preview-04-17,3329,2356,5685,0.15,3.5,0.000499,0.008246,0.008745
20250508_4bc74655,2025-05-08 14:43:24,Section 6: 6.0 Rewards and Benefits Comparison,gemini-2.5-pro-preview-05-06,15707,3188,18895,1.25,10.0,0.019634,0.03188,0.051514
20250508_4bc74655,2025-05-08 14:44:18,Content Polishing,gemini-2.5-flash-preview-04-17,4184,3198,7382,0.15,3.5,0.000628,0.011193,0.011821
20250508_4bc74655,2025-05-08 14:45:27,Section 7: 7.0 Digital Features and Mobile Banking Capabilities,gemini-2.5-pro-preview-05-06,20403,2304,22707,1.25,10.0,0.025504,0.02304,0.048544
20250508_4bc74655,2025-05-08 14:46:03,Content Polishing,gemini-2.5-flash-preview-04-17,3300,2408,5708,0.15,3.5,0.000495,0.008428,0.008923
20250508_4bc74655,2025-05-08 14:46:29,Section 8: 8.0 Customer Service and Support,gemini-2.5-pro-preview-05-06,23459,1907,25366,1.25,10.0,0.029324,0.01907,0.048394
20250508_4bc74655,2025-05-08 14:46:52,Content Polishing,gemini-2.5-flash-preview-04-17,2903,1924,4827,0.15,3.5,0.000435,0.006734,0.007169
20250508_4bc74655,2025-05-08 14:47:24,Section 9: 9.0 Credit Limits and Eligibility Criteria,gemini-2.5-pro-preview-05-06,26119,1874,27993,1.25,10.0,0.032649,0.01874,0.051389
20250508_4bc74655,2025-05-08 14:47:39,Content Polishing,gemini-2.5-flash-preview-04-17,2870,2010,4880,0.15,3.5,0.000431,0.007035,0.007466
20250508_4bc74655,2025-05-08 14:48:31,Section 10: 10.0 Market Performance Metrics Overview - Q1 2024,gemini-2.5-pro-preview-05-06,29515,1891,31406,1.25,10.0,0.036894,0.01891,0.055804
20250508_4bc74655,2025-05-08 14:48:45,Content Polishing,gemini-2.5-flash-preview-04-17,2887,1921,4808,0.15,3.5,0.000433,0.006724,0.007157
20250508_4bc74655,2025-05-08 14:49:14,Section 11: 11.0 Target Market Segment Analysis,gemini-2.5-pro-preview-05-06,32159,2352,34511,1.25,10.0,0.040199,0.02352,0.063719
20250508_4bc74655,2025-05-08 14:49:31,Content Polishing,gemini-2.5-flash-preview-04-17,3348,2417,5765,0.15,3.5,0.000502,0.00846,0.008962
20250508_4bc74655,2025-05-08 14:50:04,Section 12: 12.0 Competitive Positioning and Value Proposition,gemini-2.5-pro-preview-05-06,35265,2445,37710,1.25,10.0,0.044081,0.02445,0.068531
20250508_4bc74655,2025-05-08 14:50:29,Content Polishing,gemini-2.5-flash-preview-04-17,3441,2780,6221,0.15,3.5,0.000516,0.00973,0.010246
20250508_4bc74655,2025-05-08 14:51:14,Section 13: 13.0 Strategic Recommendations and Next Steps for KB Kookmin Bank,gemini-2.5-pro-preview-05-06,38470,2238,40708,1.25,10.0,0.048087,0.02238,0.070467
20250508_4bc74655,2025-05-08 14:51:31,Content Polishing,gemini-2.5-flash-preview-04-17,3234,2295,5529,0.15,3.5,0.000485,0.008032,0.008517
20250508_67053788,2025-05-08 15:04:09,Table of Contents Generation,gemini-2.5-pro-preview-05-06,1043,2602,3645,1.25,10.0,0.001304,0.02602,0.027324
20250508_67053788,2025-05-08 15:04:12,Table of Contents Extraction,gemini-2.5-flash-preview-04-17,3750,146,3896,0.15,3.5,0.000562,0.000511,0.001073
20250508_67053788,2025-05-08 15:04:33,Section 1: 1.0 Executive Summary,gemini-2.5-pro-preview-05-06,4395,891,5286,1.25,10.0,0.005494,0.00891,0.014404
20250508_67053788,2025-05-08 15:04:49,Content Polishing,gemini-2.5-flash-preview-04-17,2426,1558,3984,0.15,3.5,0.000364,0.005453,0.005817
20250508_67053788,2025-05-08 15:05:17,Section 2: 2.0 Introduction and Market Overview,gemini-2.5-pro-preview-05-06,6038,1551,7589,1.25,10.0,0.007548,0.01551,0.023058
20250508_67053788,2025-05-08 15:05:36,Content Polishing,gemini-2.5-flash-preview-04-17,3459,2624,6083,0.15,3.5,0.000519,0.009184,0.009703
20250508_f6405e23,2025-05-08 15:07:09,Table of Contents Generation,gemini-2.5-pro-preview-05-06,1043,2783,3826,1.25,10.0,0.001304,0.02783,0.029134
20250508_f6405e23,2025-05-08 15:07:11,Table of Contents Extraction,gemini-2.5-flash-preview-04-17,3931,127,4058,0.15,3.5,0.00059,0.000445,0.001035
20250508_f6405e23,2025-05-08 15:07:27,Section 1: 2. Introduction: The South Korean Premium Credit Card Market,gemini-2.5-pro-preview-05-06,4582,582,5164,1.25,10.0,0.005727,0.00582,0.011547
20250508_f6405e23,2025-05-08 15:07:44,Content Polishing,gemini-2.5-flash-preview-04-17,1905,947,2852,0.15,3.5,0.000286,0.003315,0.003601
20250508_70f0b5c9,2025-05-08 15:10:49,Table of Contents Generation,gemini-2.5-pro-preview-05-06,1043,2144,3187,1.25,10.0,0.001304,0.02144,0.022744
20250508_70f0b5c9,2025-05-08 15:10:51,Table of Contents Extraction,gemini-2.5-flash-preview-04-17,3292,132,3424,0.15,3.5,0.000494,0.000462,0.000956
20250508_70f0b5c9,2025-05-08 15:11:20,Section 1: 2.0 Introduction: The South Korean Premium Credit Card Market,gemini-2.5-pro-preview-05-06,3944,1768,5712,1.25,10.0,0.00493,0.01768,0.02261
20250508_70f0b5c9,2025-05-08 15:11:42,Content Polishing,gemini-2.5-flash-preview-04-17,3960,3003,6963,0.15,3.5,0.000594,0.010511,0.011105
20250508_a7c93576,2025-05-08 15:16:11,Table of Contents Generation,gemini-2.5-pro-preview-05-06,1043,2813,3856,1.25,10.0,0.001304,0.02813,0.029434
20250508_a7c93576,2025-05-08 15:16:15,Table of Contents Extraction,gemini-2.5-flash-preview-04-17,3961,108,4069,0.15,3.5,0.000594,0.000378,0.000972
20250508_a7c93576,2025-05-08 15:16:37,Section 1: Introduction: The South Korean Premium Credit Card Market,gemini-2.5-pro-preview-05-06,4609,1298,5907,1.25,10.0,0.005761,0.01298,0.018741
20250508_a7c93576,2025-05-08 15:16:52,Content Polishing,gemini-2.5-flash-preview-04-17,3249,2266,5515,0.15,3.5,0.000487,0.007931,0.008418
20250508_67496265,2025-05-08 15:21:41,Table of Contents Generation,gemini-2.5-pro-preview-05-06,1043,2245,3288,1.25,10.0,0.001304,0.02245,0.023754
20250508_67496265,2025-05-08 15:21:43,Table of Contents Extraction,gemini-2.5-flash-preview-04-17,3393,153,3546,0.15,3.5,0.000509,0.000535,0.001044
20250508_67496265,2025-05-08 15:22:01,Section 1: 2. Introduction: The South Korean Premium Credit Card Market Landscape,gemini-2.5-pro-preview-05-06,4045,781,4826,1.25,10.0,0.005056,0.00781,0.012866
20250508_67496265,2025-05-08 15:22:16,Content Polishing,gemini-2.5-flash-preview-04-17,2415,1440,3855,0.15,3.5,0.000362,0.00504,0.005402
20250508_745c8da9,2025-05-08 15:25:43,Table of Contents Generation,gemini-2.5-pro-preview-05-06,1043,2470,3513,1.25,10.0,0.001304,0.0247,0.026004
20250508_745c8da9,2025-05-08 15:25:46,Table of Contents Extraction,gemini-2.5-flash-preview-04-17,3618,89,3707,0.15,3.5,0.000543,0.000311,0.000854
20250508_745c8da9,2025-05-08 15:26:08,Section 1: Executive Summary,gemini-2.5-pro-preview-05-06,4259,654,4913,1.25,10.0,0.005324,0.00654,0.011864
20250508_745c8da9,2025-05-08 15:26:19,Content Polishing,gemini-2.5-flash-preview-04-17,2303,1396,3699,0.15,3.5,0.000345,0.004886,0.005231
20250508_745c8da9,2025-05-08 15:26:33,Section 2: Introduction: The South Korean Premium Credit Card Market Landscape,gemini-2.5-pro-preview-05-06,5667,618,6285,1.25,10.0,0.007084,0.00618,0.013264
20250508_745c8da9,2025-05-08 15:27:06,Content Polishing,gemini-2.5-flash-preview-04-17,2189,1219,3408,0.15,3.5,0.000328,0.004267,0.004595
20250508_745c8da9,2025-05-08 15:27:44,Section 3: Comparative Analysis of Premium Credit Card Products,gemini-2.5-pro-preview-05-06,7036,2431,9467,1.25,10.0,0.008795,0.02431,0.033105
20250508_745c8da9,2025-05-08 15:28:25,Content Polishing,gemini-2.5-flash-preview-04-17,5553,4748,10301,0.15,3.5,0.000833,0.016618,0.017451
20250508_745c8da9,2025-05-08 15:29:13,Section 4: Pricing and Fee Structure Analysis,gemini-2.5-pro-preview-05-06,10216,3276,13492,1.25,10.0,0.01277,0.03276,0.04553
20250508_745c8da9,2025-05-08 15:29:51,Content Polishing,gemini-2.5-flash-preview-04-17,6180,5315,11495,0.15,3.5,0.000927,0.018603,0.01953
20250508_745c8da9,2025-05-08 15:30:48,Section 5: Rewards and Benefits Comparison,gemini-2.5-pro-preview-05-06,14240,3923,18163,1.25,10.0,0.0178,0.03923,0.05703
20250508_745c8da9,2025-05-08 15:31:48,Content Polishing,gemini-2.5-flash-preview-04-17,8194,7930,16124,0.15,3.5,0.001229,0.027755,0.028984
20250508_745c8da9,2025-05-08 15:32:23,Section 6: Digital Features and Mobile Banking Capabilities,gemini-2.5-pro-preview-05-06,18913,2484,21397,1.25,10.0,0.023641,0.02484,0.048481
20250508_745c8da9,2025-05-08 15:32:58,Content Polishing,gemini-2.5-flash-preview-04-17,3467,2484,5951,0.15,3.5,0.00052,0.008694,0.009214
20250508_745c8da9,2025-05-08 15:33:26,Section 7: Customer Service and Support,gemini-2.5-pro-preview-05-06,22145,1953,24098,1.25,10.0,0.027681,0.01953,0.047211
20250508_745c8da9,2025-05-08 15:33:45,Content Polishing,gemini-2.5-flash-preview-04-17,2936,1958,4894,0.15,3.5,0.00044,0.006853,0.007293
20250508_745c8da9,2025-05-08 15:34:23,Section 8: Market Performance Metrics Analysis,gemini-2.5-pro-preview-05-06,24846,3226,28072,1.25,10.0,0.031057,0.03226,0.063317
20250508_745c8da9,2025-05-08 15:35:02,Content Polishing,gemini-2.5-flash-preview-04-17,4209,4573,8782,0.15,3.5,0.000631,0.016005,0.016636
20250508_745c8da9,2025-05-08 15:35:35,Section 9: Target Market Segment Focus,gemini-2.5-pro-preview-05-06,28820,2518,31338,1.25,10.0,0.036025,0.02518,0.061205
20250508_745c8da9,2025-05-08 15:35:58,Content Polishing,gemini-2.5-flash-preview-04-17,3501,2707,6208,0.15,3.5,0.000525,0.009475,0.01
20250508_745c8da9,2025-05-08 15:36:18,Section 10: Competitive Positioning and Strategic Implications,gemini-2.5-pro-preview-05-06,32087,2198,34285,1.25,10.0,0.040109,0.02198,0.062089
20250508_745c8da9,2025-05-08 15:36:38,Content Polishing,gemini-2.5-flash-preview-04-17,3181,2248,5429,0.15,3.5,0.000477,0.007868,0.008345
20250508_745c8da9,2025-05-08 15:37:06,Section 11: Recommendations and Next Steps,gemini-2.5-pro-preview-05-06,35033,1818,36851,1.25,10.0,0.043791,0.01818,0.061971
20250508_745c8da9,2025-05-08 15:37:41,Content Polishing,gemini-2.5-flash-preview-04-17,2801,1831,4632,0.15,3.5,0.00042,0.006409,0.006829
20250508_9b10c42d,2025-05-08 15:40:57,Table of Contents Generation,gemini-2.5-pro-preview-05-06,1043,2405,3448,1.25,10.0,0.001304,0.02405,0.025354
20250508_9b10c42d,2025-05-08 15:41:00,Table of Contents Extraction,gemini-2.5-flash-preview-04-17,3553,192,3745,0.15,3.5,0.000533,0.000672,0.001205
20250508_9b10c42d,2025-05-08 15:41:19,Section 1: Ⅰ. 보고서 개요 및 목적,gemini-2.5-pro-preview-05-06,4202,886,5088,1.25,10.0,0.005253,0.00886,0.014113
20250508_9b10c42d,2025-05-08 15:41:32,Content Polishing,gemini-2.5-flash-preview-04-17,2189,1258,3447,0.15,3.5,0.000328,0.004403,0.004731
20250508_9b10c42d,2025-05-08 15:42:05,Section 2: Ⅱ. 국내 프리미엄 신용카드 시장 동향 및 경쟁 환경 분석,gemini-2.5-pro-preview-05-06,5854,2465,8319,1.25,10.0,0.007318,0.02465,0.031968
20250508_9b10c42d,2025-05-08 15:42:25,Content Polishing,gemini-2.5-flash-preview-04-17,4764,3813,8577,0.15,3.5,0.000715,0.013345,0.01406
20250508_9b10c42d,2025-05-08 15:43:18,Section 3: Ⅲ. KB국민은행 프리미엄 신용카드 상품 경쟁력 심층 분석,gemini-2.5-pro-preview-05-06,9085,4193,13278,1.25,10.0,0.011356,0.04193,0.053286
20250508_9b10c42d,2025-05-08 15:43:55,Content Polishing,gemini-2.5-flash-preview-04-17,7408,6610,14018,0.15,3.5,0.001111,0.023135,0.024246
20250508_9b10c42d,2025-05-08 15:44:41,Section 4: Ⅳ. 주요 경쟁사 프리미엄 신용카드 상품 비교 분석: 하나은행,gemini-2.5-pro-preview-05-06,14045,3344,17389,1.25,10.0,0.017556,0.03344,0.050996
20250508_9b10c42d,2025-05-08 15:45:15,Content Polishing,gemini-2.5-flash-preview-04-17,4327,3386,7713,0.15,3.5,0.000649,0.011851,0.0125
20250508_9b10c42d,2025-05-08 15:45:42,Section 5: Ⅴ. 주요 경쟁사 프리미엄 신용카드 상품 비교 분석: 우리은행,gemini-2.5-pro-preview-05-06,18156,2989,21145,1.25,10.0,0.022695,0.02989,0.052585
20250508_9b10c42d,2025-05-08 15:46:00,Content Polishing,gemini-2.5-flash-preview-04-17,3972,3027,6999,0.15,3.5,0.000596,0.010594,0.01119
20250508_9b10c42d,2025-05-08 15:47:02,"Section 6: Ⅵ. 종합 비교 분석: 상품 특징, 가격, 혜택 및 고객 경험",gemini-2.5-pro-preview-05-06,21913,4804,26717,1.25,10.0,0.027391,0.04804,0.075431
20250508_9b10c42d,2025-05-08 15:48:30,Content Polishing,gemini-2.5-flash-preview-04-17,5787,5261,11048,0.15,3.5,0.000868,0.018413,0.019281
20250508_9b10c42d,2025-05-08 15:49:12,Section 7: Ⅶ. 시장 성과 지표 분석 및 경쟁 포지셔닝,gemini-2.5-pro-preview-05-06,27478,3329,30807,1.25,10.0,0.034348,0.03329,0.067638
20250508_9b10c42d,2025-05-08 15:49:49,Content Polishing,gemini-2.5-flash-preview-04-17,4312,3499,7811,0.15,3.5,0.000647,0.012247,0.012894
20250508_9b10c42d,2025-05-08 15:50:35,Section 8: Ⅷ. 결론 및 전략적 제언,gemini-2.5-pro-preview-05-06,31562,3116,34678,1.25,10.0,0.039453,0.03116,0.070613
20250508_9b10c42d,2025-05-08 15:51:01,Content Polishing,gemini-2.5-flash-preview-04-17,4099,3511,7610,0.15,3.5,0.000615,0.012289,0.012904
20250508_c7d65012,2025-05-08 15:57:07,Table of Contents Generation,gemini-2.5-pro-preview-05-06,1043,1335,2378,1.25,10.0,0.001304,0.01335,0.014654
20250508_c7d65012,2025-05-08 15:57:09,Table of Contents Extraction,gemini-2.5-flash-preview-04-17,2483,137,2620,0.15,3.5,0.000372,0.00048,0.000852
20250508_c7d65012,2025-05-08 15:57:34,Section 1: 1. Executive Summary,gemini-2.5-pro-preview-05-06,3127,545,3672,1.25,10.0,0.003909,0.00545,0.009359
20250508_c7d65012,2025-05-08 15:57:45,Content Polishing,gemini-2.5-flash-preview-04-17,2033,1088,3121,0.15,3.5,0.000305,0.003808,0.004113
20250508_c7d65012,2025-05-08 15:58:02,Section 2: 2. Introduction: The South Korean Premium Credit Card Market Landscape,gemini-2.5-pro-preview-05-06,4429,822,5251,1.25,10.0,0.005536,0.00822,0.013756
20250508_c7d65012,2025-05-08 15:58:25,Content Polishing,gemini-2.5-flash-preview-04-17,2575,1644,4219,0.15,3.5,0.000386,0.005754,0.00614
20250508_c7d65012,2025-05-08 15:58:38,Section 3: 3. Methodology,gemini-2.5-pro-preview-05-06,5999,852,6851,1.25,10.0,0.007499,0.00852,0.016019
20250508_c7d65012,2025-05-08 15:58:46,Content Polishing,gemini-2.5-flash-preview-04-17,1835,855,2690,0.15,3.5,0.000275,0.002992,0.003267
20250508_c7d65012,2025-05-08 15:59:30,Section 4: 4. Comparative Analysis of Premium Credit Card Products,gemini-2.5-pro-preview-05-06,7605,3264,10869,1.25,10.0,0.009506,0.03264,0.042146
20250508_c7d65012,2025-05-08 16:00:16,Content Polishing,gemini-2.5-flash-preview-04-17,6632,5830,12462,0.15,3.5,0.000995,0.020405,0.0214
20250508_c7d65012,2025-05-08 16:00:46,Section 5: 5. Pricing and Fee Structure Analysis,gemini-2.5-pro-preview-05-06,11621,1708,13329,1.25,10.0,0.014526,0.01708,0.031606
20250508_c7d65012,2025-05-08 16:01:08,Content Polishing,gemini-2.5-flash-preview-04-17,3545,2667,6212,0.15,3.5,0.000532,0.009335,0.009867
20250508_c7d65012,2025-05-08 16:01:39,Section 6: 6. Rewards and Benefits Value Proposition,gemini-2.5-pro-preview-05-06,14081,2192,16273,1.25,10.0,0.017601,0.02192,0.039521
20250508_c7d65012,2025-05-08 16:02:06,Content Polishing,gemini-2.5-flash-preview-04-17,3175,2408,5583,0.15,3.5,0.000476,0.008428,0.008904
20250508_c7d65012,2025-05-08 16:02:34,Section 7: 7. Digital Features and Mobile Banking Capabilities,gemini-2.5-pro-preview-05-06,17026,1742,18768,1.25,10.0,0.021282,0.01742,0.038702
20250508_c7d65012,2025-05-08 16:02:46,Content Polishing,gemini-2.5-flash-preview-04-17,2725,1747,4472,0.15,3.5,0.000409,0.006115,0.006524
20250508_c7d65012,2025-05-08 16:03:07,Section 8: 8. Customer Service and Support Channels,gemini-2.5-pro-preview-05-06,19520,1591,21111,1.25,10.0,0.0244,0.01591,0.04031
20250508_c7d65012,2025-05-08 16:03:23,Content Polishing,gemini-2.5-flash-preview-04-17,2574,1590,4164,0.15,3.5,0.000386,0.005565,0.005951
20250508_c7d65012,2025-05-08 16:04:02,Section 9: 9. Market Performance Metrics Overview Based on Available Public Data,gemini-2.5-pro-preview-05-06,21867,1944,23811,1.25,10.0,0.027334,0.01944,0.046774
20250508_c7d65012,2025-05-08 16:04:31,Content Polishing,gemini-2.5-flash-preview-04-17,3907,2921,6828,0.15,3.5,0.000586,0.010223,0.010809
20250508_c7d65012,2025-05-08 16:04:52,Section 10: 10. Target Market Segment Alignment,gemini-2.5-pro-preview-05-06,24563,1672,26235,1.25,10.0,0.030704,0.01672,0.047424
20250508_c7d65012,2025-05-08 16:05:24,Content Polishing,gemini-2.5-flash-preview-04-17,2655,1678,4333,0.15,3.5,0.000398,0.005873,0.006271
20250508_c7d65012,2025-05-08 16:05:43,Section 11: 11. Competitive Positioning and Strategic Implications for KB Kookmin Bank,gemini-2.5-pro-preview-05-06,26994,1444,28438,1.25,10.0,0.033743,0.01444,0.048183
20250508_c7d65012,2025-05-08 16:05:59,Content Polishing,gemini-2.5-flash-preview-04-17,2427,1545,3972,0.15,3.5,0.000364,0.005407,0.005771
20250508_c7d65012,2025-05-08 16:06:31,Section 12: 12. Recommendations and Next Steps for KB Kookmin Bank,gemini-2.5-pro-preview-05-06,29196,1418,30614,1.25,10.0,0.036495,0.01418,0.050675
20250508_c7d65012,2025-05-08 16:06:52,Content Polishing,gemini-2.5-flash-preview-04-17,2401,1420,3821,0.15,3.5,0.00036,0.00497,0.00533
20250508_6411f1b8,2025-05-08 16:20:34,Table of Contents Generation,gemini-2.5-pro-preview-05-06,1043,2755,3798,1.25,10.0,0.001304,0.02755,0.028854
20250508_6411f1b8,2025-05-08 16:20:36,Table of Contents Extraction,gemini-2.5-flash-preview-04-17,3903,137,4040,0.15,3.5,0.000585,0.00048,0.001065
20250508_6411f1b8,2025-05-08 16:20:58,Section 1: Executive Summary,gemini-2.5-pro-preview-05-06,4544,695,5239,1.25,10.0,0.00568,0.00695,0.01263
20250508_6411f1b8,2025-05-08 16:21:15,Content Polishing,gemini-2.5-flash-preview-04-17,2379,1381,3760,0.15,3.5,0.000357,0.004834,0.005191
20250508_4d159360,2025-05-08 16:23:43,Table of Contents Generation,gemini-2.5-pro-preview-05-06,1043,2427,3470,1.25,10.0,0.001304,0.02427,0.025574
20250508_4d159360,2025-05-08 16:23:46,Table of Contents Extraction,gemini-2.5-flash-preview-04-17,3575,137,3712,0.15,3.5,0.000536,0.00048,0.001016
20250508_4d159360,2025-05-08 16:24:06,Section 1: Executive Summary,gemini-2.5-pro-preview-05-06,4216,765,4981,1.25,10.0,0.00527,0.00765,0.01292
20250508_4d159360,2025-05-08 16:24:38,Content Polishing,gemini-2.5-flash-preview-04-17,2727,1619,4346,0.15,3.5,0.000409,0.005666,0.006075
20250508_4d159360,2025-05-08 16:24:56,Section 2: Introduction: The South Korean Premium Credit Card Market,gemini-2.5-pro-preview-05-06,5734,997,6731,1.25,10.0,0.007168,0.00997,0.017138
20250508_4d159360,2025-05-08 16:25:09,Content Polishing,gemini-2.5-flash-preview-04-17,2761,1751,4512,0.15,3.5,0.000414,0.006129,0.006543
20250508_4d159360,2025-05-08 16:25:21,Section 3: Methodology,gemini-2.5-pro-preview-05-06,7476,850,8326,1.25,10.0,0.009345,0.0085,0.017845
20250508_4d159360,2025-05-08 16:25:36,Content Polishing,gemini-2.5-flash-preview-04-17,1882,848,2730,0.15,3.5,0.000282,0.002968,0.00325
20250508_4d159360,2025-05-08 16:25:57,Section 4: Competitive Landscape Overview: Key Players and Market Positioning,gemini-2.5-pro-preview-05-06,9079,1121,10200,1.25,10.0,0.011349,0.01121,0.022559
20250508_4d159360,2025-05-08 16:26:13,Content Polishing,gemini-2.5-flash-preview-04-17,3167,2204,5371,0.15,3.5,0.000475,0.007714,0.008189
20250508_4d159360,2025-05-08 16:26:59,Section 5: Premium Credit Card Product Comparison: KB Kookmin Bank vs. Competitors,gemini-2.5-pro-preview-05-06,10958,2858,13816,1.25,10.0,0.013697,0.02858,0.042277
20250508_4d159360,2025-05-08 16:27:35,Content Polishing,gemini-2.5-flash-preview-04-17,4868,4309,9177,0.15,3.5,0.00073,0.015081,0.015811
20250508_4d159360,2025-05-08 16:28:15,Section 6: Pricing and Fee Analysis: A Head-to-Head Comparison,gemini-2.5-pro-preview-05-06,14572,2749,17321,1.25,10.0,0.018215,0.02749,0.045705
20250508_4d159360,2025-05-08 16:28:44,Content Polishing,gemini-2.5-flash-preview-04-17,5197,4416,9613,0.15,3.5,0.00078,0.015456,0.016236
20250508_4d159360,2025-05-08 16:29:23,Section 7: Rewards and Benefits Comparison: Unveiling the Value Proposition,gemini-2.5-pro-preview-05-06,18075,3023,21098,1.25,10.0,0.022594,0.03023,0.052824
20250508_4d159360,2025-05-08 16:29:49,Content Polishing,gemini-2.5-flash-preview-04-17,4055,3051,7106,0.15,3.5,0.000608,0.010679,0.011287
20250508_4d159360,2025-05-08 16:30:18,Section 8: Digital Features and Mobile Banking Capabilities,gemini-2.5-pro-preview-05-06,21848,1936,23784,1.25,10.0,0.02731,0.01936,0.04667
20250508_4d159360,2025-05-08 16:30:38,Content Polishing,gemini-2.5-flash-preview-04-17,2968,2037,5005,0.15,3.5,0.000445,0.00713,0.007575
20250508_4d159360,2025-05-08 16:30:58,Section 9: Customer Service and Support Channels,gemini-2.5-pro-preview-05-06,24533,1633,26166,1.25,10.0,0.030666,0.01633,0.046996
20250508_4d159360,2025-05-08 16:31:17,Content Polishing,gemini-2.5-flash-preview-04-17,2665,1720,4385,0.15,3.5,0.0004,0.00602,0.00642
20250508_4d159360,2025-05-08 16:31:51,Section 10: Market Performance Metrics: Gauging Competitive Strength (Illustrative),gemini-2.5-pro-preview-05-06,26921,1929,28850,1.25,10.0,0.033651,0.01929,0.052941
20250508_4d159360,2025-05-08 16:32:05,Content Polishing,gemini-2.5-flash-preview-04-17,2961,2052,5013,0.15,3.5,0.000444,0.007182,0.007626
20250508_4d159360,2025-05-08 16:32:34,Section 11: Target Market Segment Analysis: Alignment of Products with Customer Needs,gemini-2.5-pro-preview-05-06,29605,2393,31998,1.25,10.0,0.037006,0.02393,0.060936
20250508_4d159360,2025-05-08 16:33:01,Content Polishing,gemini-2.5-flash-preview-04-17,3425,2885,6310,0.15,3.5,0.000514,0.010098,0.010612
20250508_4d159360,2025-05-08 16:33:19,Section 12: Key Findings and Competitive Gaps,gemini-2.5-pro-preview-05-06,32747,1467,34214,1.25,10.0,0.040934,0.01467,0.055604
20250508_4d159360,2025-05-08 16:33:31,Content Polishing,gemini-2.5-flash-preview-04-17,2499,1483,3982,0.15,3.5,0.000375,0.00519,0.005565
20250508_4d159360,2025-05-08 16:33:50,Section 13: Strategic Recommendations and Next Steps,gemini-2.5-pro-preview-05-06,34963,1755,36718,1.25,10.0,0.043704,0.01755,0.061254
20250508_4d159360,2025-05-08 16:34:06,Content Polishing,gemini-2.5-flash-preview-04-17,2787,2021,4808,0.15,3.5,0.000418,0.007073,0.007491
20250508_655fbdc2,2025-05-08 17:35:54,Table of Contents Generation,gemini-2.5-pro-preview-05-06,1214,1385,2599,1.25,10.0,0.001517,0.01385,0.015367
20250508_655fbdc2,2025-05-08 17:35:57,Table of Contents Extraction,gemini-2.5-flash-preview-04-17,2704,99,2803,0.15,3.5,0.000406,0.000347,0.000753
20250508_655fbdc2,2025-05-08 17:36:16,Section 1: Executive Summary,gemini-2.5-pro-preview-05-06,3345,752,4097,1.25,10.0,0.004181,0.00752,0.011701
20250508_655fbdc2,2025-05-08 17:36:28,Content Polishing,gemini-2.5-flash-preview-04-17,2634,1455,4089,0.15,3.5,0.000395,0.005092,0.005487
20250508_655fbdc2,2025-05-08 17:36:45,Section 2: Introduction: The South Korean Premium Credit Card Market Landscape,gemini-2.5-pro-preview-05-06,4851,984,5835,1.25,10.0,0.006064,0.00984,0.015904
20250508_655fbdc2,2025-05-08 17:37:04,Content Polishing,gemini-2.5-flash-preview-04-17,2924,1789,4713,0.15,3.5,0.000439,0.006261,0.0067
20250508_655fbdc2,2025-05-08 17:38:02,Section 3: Comparative Analysis of Premium Credit Card Products,gemini-2.5-pro-preview-05-06,6586,3688,10274,1.25,10.0,0.008233,0.03688,0.045113
20250508_655fbdc2,2025-05-08 17:38:44,Content Polishing,gemini-2.5-flash-preview-04-17,8207,7098,15305,0.15,3.5,0.001231,0.024843,0.026074
20250508_655fbdc2,2025-05-08 17:39:22,Section 4: Pricing and Fee Structure Analysis,gemini-2.5-pro-preview-05-06,11023,1833,12856,1.25,10.0,0.013779,0.01833,0.032109
20250508_655fbdc2,2025-05-08 17:39:42,Content Polishing,gemini-2.5-flash-preview-04-17,3993,2925,6918,0.15,3.5,0.000599,0.010238,0.010837
20250508_655fbdc2,2025-05-08 17:40:16,Section 5: Rewards and Benefits Deep Dive,gemini-2.5-pro-preview-05-06,13605,2763,16368,1.25,10.0,0.017006,0.02763,0.044636
20250508_655fbdc2,2025-05-08 17:40:37,Content Polishing,gemini-2.5-flash-preview-04-17,3966,2933,6899,0.15,3.5,0.000595,0.010266,0.010861
20250508_655fbdc2,2025-05-08 17:41:04,Section 6: Digital Features and Mobile Banking Capabilities,gemini-2.5-pro-preview-05-06,17118,1939,19057,1.25,10.0,0.021397,0.01939,0.040787
20250508_655fbdc2,2025-05-08 17:41:19,Content Polishing,gemini-2.5-flash-preview-04-17,3142,2014,5156,0.15,3.5,0.000471,0.007049,0.00752
20250508_655fbdc2,2025-05-08 17:41:54,Section 7: Customer Service and Support Channels,gemini-2.5-pro-preview-05-06,19806,1657,21463,1.25,10.0,0.024758,0.01657,0.041328
20250508_655fbdc2,2025-05-08 17:42:08,Content Polishing,gemini-2.5-flash-preview-04-17,2860,1744,4604,0.15,3.5,0.000429,0.006104,0.006533
20250508_655fbdc2,2025-05-08 17:42:38,Section 8: Market Performance Metrics - An Overview,gemini-2.5-pro-preview-05-06,22213,1707,23920,1.25,10.0,0.027766,0.01707,0.044836
20250508_655fbdc2,2025-05-08 17:42:56,Content Polishing,gemini-2.5-flash-preview-04-17,2910,1872,4782,0.15,3.5,0.000436,0.006552,0.006988
20250508_655fbdc2,2025-05-08 17:43:24,Section 9: Competitive Positioning and Value Proposition,gemini-2.5-pro-preview-05-06,24669,1909,26578,1.25,10.0,0.030836,0.01909,0.049926
20250508_655fbdc2,2025-05-08 17:43:53,Content Polishing,gemini-2.5-flash-preview-04-17,3112,1964,5076,0.15,3.5,0.000467,0.006874,0.007341
20250508_655fbdc2,2025-05-08 17:44:17,Section 10: Strategic Recommendations and Next Steps for KB Kookmin Bank,gemini-2.5-pro-preview-05-06,27333,1578,28911,1.25,10.0,0.034166,0.01578,0.049946
20250508_655fbdc2,2025-05-08 17:44:34,Content Polishing,gemini-2.5-flash-preview-04-17,2781,1624,4405,0.15,3.5,0.000417,0.005684,0.006101
20250508_ec204a0c,2025-05-08 17:53:34,Table of Contents Generation,gemini-2.5-pro-preview-05-06,1238,2041,3279,1.25,10.0,0.001548,0.02041,0.021958
20250508_ec204a0c,2025-05-08 17:53:38,Table of Contents Extraction,gemini-2.5-flash-preview-04-17,3384,108,3492,0.15,3.5,0.000508,0.000378,0.000886
20250508_ec204a0c,2025-05-08 17:53:58,Section 1: I. Executive Summary,gemini-2.5-pro-preview-05-06,4027,657,4684,1.25,10.0,0.005034,0.00657,0.011604
20250508_ec204a0c,2025-05-08 17:54:13,Content Polishing,gemini-2.5-flash-preview-04-17,2452,1326,3778,0.15,3.5,0.000368,0.004641,0.005009
20250508_ec204a0c,2025-05-08 17:54:36,Section 2: II. Introduction: The South Korean Premium Credit Card Market Landscape,gemini-2.5-pro-preview-05-06,5440,1301,6741,1.25,10.0,0.0068,0.01301,0.01981
20250508_ec204a0c,2025-05-08 17:55:12,Content Polishing,gemini-2.5-flash-preview-04-17,3420,2222,5642,0.15,3.5,0.000513,0.007777,0.00829
20250508_ec204a0c,2025-05-08 17:56:15,Section 3: III. Competitive Product Portfolio Analysis: KB Kookmin Bank vs. Key Competitors,gemini-2.5-pro-preview-05-06,7501,3276,10777,1.25,10.0,0.009376,0.03276,0.042136
20250508_ec204a0c,2025-05-08 17:56:54,Content Polishing,gemini-2.5-flash-preview-04-17,6301,5457,11758,0.15,3.5,0.000945,0.019099,0.020044
20250508_ec204a0c,2025-05-08 17:57:24,Section 4: IV. Pricing and Fee Structure Analysis,gemini-2.5-pro-preview-05-06,11528,2240,13768,1.25,10.0,0.01441,0.0224,0.03681
20250508_ec204a0c,2025-05-08 17:57:40,Content Polishing,gemini-2.5-flash-preview-04-17,3443,2261,5704,0.15,3.5,0.000516,0.007914,0.00843
20250508_ec204a0c,2025-05-08 17:58:36,Section 5: V. Rewards and Benefits Deep Dive,gemini-2.5-pro-preview-05-06,14519,2762,17281,1.25,10.0,0.018149,0.02762,0.045769
20250508_ec204a0c,2025-05-08 17:59:22,Content Polishing,gemini-2.5-flash-preview-04-17,5788,4725,10513,0.15,3.5,0.000868,0.016538,0.017406
20250508_ec204a0c,2025-05-08 18:00:10,Section 6: VI. Digital Capabilities and Mobile Banking Experience,gemini-2.5-pro-preview-05-06,18033,2257,20290,1.25,10.0,0.022541,0.02257,0.045111
20250508_ec204a0c,2025-05-08 18:00:50,Content Polishing,gemini-2.5-flash-preview-04-17,6065,5293,11358,0.15,3.5,0.00091,0.018526,0.019436
20250508_ec204a0c,2025-05-08 18:01:16,Section 7: VII. Customer Service and Support Channels,gemini-2.5-pro-preview-05-06,21041,1655,22696,1.25,10.0,0.026301,0.01655,0.042851
20250508_ec204a0c,2025-05-08 18:01:40,Content Polishing,gemini-2.5-flash-preview-04-17,2858,1873,4731,0.15,3.5,0.000429,0.006555,0.006984
20250508_ec204a0c,2025-05-08 18:02:26,Section 8: VIII. Market Performance and Positioning,gemini-2.5-pro-preview-05-06,23446,2853,26299,1.25,10.0,0.029308,0.02853,0.057838
20250508_ec204a0c,2025-05-08 18:02:45,Content Polishing,gemini-2.5-flash-preview-04-17,4056,2918,6974,0.15,3.5,0.000608,0.010213,0.010821
20250508_ec204a0c,2025-05-08 18:03:24,Section 9: IX. Strategic Recommendations and Next Steps for KB Kookmin Bank,gemini-2.5-pro-preview-05-06,27056,2060,29116,1.25,10.0,0.03382,0.0206,0.05442
20250508_ec204a0c,2025-05-08 18:03:44,Content Polishing,gemini-2.5-flash-preview-04-17,3263,2358,5621,0.15,3.5,0.000489,0.008253,0.008742
20250508_82842c8c,2025-05-08 18:09:27,Table of Contents Generation,gemini-2.5-pro-preview-05-06,1238,2014,3252,1.25,10.0,0.001548,0.02014,0.021688
20250508_82842c8c,2025-05-08 18:09:30,Table of Contents Extraction,gemini-2.5-flash-preview-04-17,3357,191,3548,0.15,3.5,0.000504,0.000669,0.001173
20250508_82842c8c,2025-05-08 18:10:13,Section 1: I. 서론: 프리미엄 신용카드 시장의 현재와 미래 전망,gemini-2.5-pro-preview-05-06,4017,1698,5715,1.25,10.0,0.005021,0.01698,0.022001
20250508_82842c8c,2025-05-08 18:10:53,Content Polishing,gemini-2.5-flash-preview-04-17,4005,2764,6769,0.15,3.5,0.000601,0.009674,0.010275
20250508_82842c8c,2025-05-08 18:11:30,Section 2: II. 국내 프리미엄 신용카드 시장 동향 분석,gemini-2.5-pro-preview-05-06,6475,2816,9291,1.25,10.0,0.008094,0.02816,0.036254
20250508_82842c8c,2025-05-08 18:11:55,Content Polishing,gemini-2.5-flash-preview-04-17,4885,3901,8786,0.15,3.5,0.000733,0.013654,0.014387
20250508_82842c8c,2025-05-08 18:13:00,Section 3: III. 주요 경쟁사 프리미엄 신용카드 상품 심층 비교 분석: KB국민은행 vs 하나은행 vs 우리은행 vs 신한은행,gemini-2.5-pro-preview-05-06,10074,4817,14891,1.25,10.0,0.012592,0.04817,0.060762
20250508_82842c8c,2025-05-08 18:13:46,Content Polishing,gemini-2.5-flash-preview-04-17,8333,7623,15956,0.15,3.5,0.00125,0.02668,0.02793
20250508_82842c8c,2025-05-08 18:14:16,Section 4: IV. 프리미엄 신용카드 고객 경험 분석: 디지털 채널 및 부가 서비스,gemini-2.5-pro-preview-05-06,15659,3097,18756,1.25,10.0,0.019574,0.03097,0.050544
20250508_82842c8c,2025-05-08 18:14:34,Content Polishing,gemini-2.5-flash-preview-04-17,4300,3176,7476,0.15,3.5,0.000645,0.011116,0.011761
20250508_82842c8c,2025-05-08 18:15:15,Section 5: V. KB국민은행 프리미엄 신용카드 경쟁력 강화 방안,gemini-2.5-pro-preview-05-06,19521,3151,22672,1.25,10.0,0.024401,0.03151,0.055911
20250508_82842c8c,2025-05-08 18:16:01,Content Polishing,gemini-2.5-flash-preview-04-17,4354,3136,7490,0.15,3.5,0.000653,0.010976,0.011629
20250508_82842c8c,2025-05-08 18:16:43,Section 6: VI. 결론 및 향후 추진 전략,gemini-2.5-pro-preview-05-06,23427,2539,25966,1.25,10.0,0.029284,0.02539,0.054674
20250508_82842c8c,2025-05-08 18:17:06,Content Polishing,gemini-2.5-flash-preview-04-17,3742,2581,6323,0.15,3.5,0.000561,0.009033,0.009594
20250508_190c9879,2025-05-08 18:32:14,Table of Contents Generation,gemini-2.5-pro-preview-05-06,1238,2551,3789,1.25,10.0,0.001548,0.02551,0.027058
20250508_95f4e7f4,2025-05-08 18:34:58,Table of Contents Generation,gemini-2.5-pro-preview-05-06,1238,2775,4013,1.25,10.0,0.001548,0.02775,0.029298
20250508_492a1c1f,2025-05-08 18:36:20,Table of Contents Generation,gemini-2.5-pro-preview-05-06,1238,3284,4522,1.25,10.0,0.001548,0.03284,0.034388
20250508_492a1c1f,2025-05-08 18:36:23,Table of Contents Extraction,gemini-2.5-flash-preview-04-17,4627,179,4806,0.15,3.5,0.000694,0.000626,0.00132
20250508_492a1c1f,2025-05-08 18:37:07,Section 1: I. 서론: 프리미엄 신용카드 시장의 현재와 미래 전망,gemini-2.5-pro-preview-05-06,5287,2383,7670,1.25,10.0,0.006609,0.02383,0.030439
20250508_492a1c1f,2025-05-08 18:37:58,Content Polishing,gemini-2.5-flash-preview-04-17,4306,3277,7583,0.15,3.5,0.000646,0.01147,0.012116
20250508_492a1c1f,2025-05-08 18:38:54,"Section 2: II. 프리미엄 신용카드 상품 비교 분석: KB국민카드 vs 주요 경쟁사 (하나카드, 우리카드, 신한카드)",gemini-2.5-pro-preview-05-06,8453,4442,12895,1.25,10.0,0.010566,0.04442,0.054986
20250508_492a1c1f,2025-05-08 18:39:39,Content Polishing,gemini-2.5-flash-preview-04-17,8728,7945,16673,0.15,3.5,0.001309,0.027807,0.029116
20250508_492a1c1f,2025-05-08 18:41:02,Section 3: III. 가격 및 수수료 경쟁력 분석,gemini-2.5-pro-preview-05-06,13651,3163,16814,1.25,10.0,0.017064,0.03163,0.048694
20250508_492a1c1f,2025-05-08 18:41:55,Content Polishing,gemini-2.5-flash-preview-04-17,5619,4558,10177,0.15,3.5,0.000843,0.015953,0.016796
20250508_492a1c1f,2025-05-08 18:43:02,Section 4: IV. 리워드 및 부가혜택 심층 비교,gemini-2.5-pro-preview-05-06,17572,5289,22861,1.25,10.0,0.021965,0.05289,0.074855
20250508_492a1c1f,2025-05-08 18:43:55,Content Polishing,gemini-2.5-flash-preview-04-17,6492,5299,11791,0.15,3.5,0.000974,0.018547,0.019521
20250508_492a1c1f,2025-05-08 18:44:33,Section 5: V. 디지털 채널 및 모바일 편의성 비교,gemini-2.5-pro-preview-05-06,23621,3953,27574,1.25,10.0,0.029526,0.03953,0.069056
20250508_492a1c1f,2025-05-08 18:45:00,Content Polishing,gemini-2.5-flash-preview-04-17,5156,3993,9149,0.15,3.5,0.000773,0.013976,0.014749
20250508_492a1c1f,2025-05-08 18:45:32,Section 6: VI. 고객 서비스 및 지원 채널 분석,gemini-2.5-pro-preview-05-06,28328,3358,31686,1.25,10.0,0.03541,0.03358,0.06899
20250508_492a1c1f,2025-05-08 18:45:51,Content Polishing,gemini-2.5-flash-preview-04-17,4561,3455,8016,0.15,3.5,0.000684,0.012093,0.012777
20250508_492a1c1f,2025-05-08 18:47:37,Section 7: VII. 시장 성과 지표 분석,gemini-2.5-pro-preview-05-06,33192,4195,37387,1.25,10.0,0.04149,0.04195,0.08344
20250508_492a1c1f,2025-05-08 18:48:18,Content Polishing,gemini-2.5-flash-preview-04-17,5398,4188,9586,0.15,3.5,0.00081,0.014658,0.015468
20250508_492a1c1f,2025-05-08 18:48:51,Section 8: VIII. 결론 및 전략적 제언,gemini-2.5-pro-preview-05-06,38141,3515,41656,1.25,10.0,0.047676,0.03515,0.082826
20250508_492a1c1f,2025-05-08 18:49:15,Content Polishing,gemini-2.5-flash-preview-04-17,4718,3771,8489,0.15,3.5,0.000708,0.013199,0.013907
,2025-05-08 19:42:32,Table of Contents Generation,gemini-2.5-pro-preview-05-06,1254,2587,3841,1.25,10.0,0.001568,0.02587,0.027438
,2025-05-08 19:42:35,Table of Contents Extraction,gemini-2.5-flash-preview-04-17,3946,214,4160,0.15,3.5,0.000592,0.000749,0.001341
,2025-05-08 19:42:56,Section 1: I. 보고서 개요,gemini-2.5-pro-preview-05-06,4591,982,5573,1.25,10.0,0.005739,0.00982,0.015559
,2025-05-08 19:43:09,Content Polishing,gemini-2.5-flash-preview-04-17,2501,1306,3807,0.15,3.5,0.000375,0.004571,0.004946
20250508_aaab8213,2025-05-08 19:48:41,Table of Contents Generation,gemini-2.5-pro-preview-05-06,1254,2706,3960,1.25,10.0,0.001568,0.02706,0.028628
20250508_aaab8213,2025-05-08 19:48:45,Table of Contents Extraction,gemini-2.5-flash-preview-04-17,4065,183,4248,0.15,3.5,0.00061,0.000641,0.001251
20250508_aaab8213,2025-05-08 19:49:23,Section 1: I. 보고서 개요,gemini-2.5-pro-preview-05-06,4710,2039,6749,1.25,10.0,0.005888,0.02039,0.026278
20250508_aaab8213,2025-05-08 19:49:49,Content Polishing,gemini-2.5-flash-preview-04-17,3944,2754,6698,0.15,3.5,0.000592,0.009639,0.010231
20250508_aaab8213,2025-05-08 19:50:24,Section 2: II. 국내 프리미엄 신용카드 시장 동향 분석,gemini-2.5-pro-preview-05-06,7509,3637,11146,1.25,10.0,0.009386,0.03637,0.045756
20250508_aaab8213,2025-05-08 19:51:03,Content Polishing,gemini-2.5-flash-preview-04-17,6622,5641,12263,0.15,3.5,0.000993,0.019744,0.020737
20250508_aaab8213,2025-05-08 19:51:29,Section 3: III. KB국민은행 프리미엄 카드 포트폴리오 분석,gemini-2.5-pro-preview-05-06,11907,3278,15185,1.25,10.0,0.014884,0.03278,0.047664
20250508_aaab8213,2025-05-08 19:52:19,Content Polishing,gemini-2.5-flash-preview-04-17,6687,5878,12565,0.15,3.5,0.001003,0.020573,0.021576
20250508_aaab8213,2025-05-08 19:53:29,"Section 4: IV. 주요 경쟁사 프리미엄 카드 상품 비교 분석: 하나은행, 우리은행, 신한은행",gemini-2.5-pro-preview-05-06,15957,5445,21402,1.25,10.0,0.019946,0.05445,0.074396
20250508_aaab8213,2025-05-08 19:53:57,Content Polishing,gemini-2.5-flash-preview-04-17,6664,5459,12123,0.15,3.5,0.001,0.019106,0.020106
20250508_aaab8213,2025-05-08 19:54:53,Section 5: V. 목표 시장 세분화 및 타겟 고객별 경쟁 우위 전략,gemini-2.5-pro-preview-05-06,22167,4146,26313,1.25,10.0,0.027709,0.04146,0.069169
20250508_aaab8213,2025-05-08 19:55:21,Content Polishing,gemini-2.5-flash-preview-04-17,5365,4353,9718,0.15,3.5,0.000805,0.015236,0.016041
20250508_aaab8213,2025-05-08 19:56:16,Section 6: VI. 시장 성과 지표 분석 및 경쟁력 평가,gemini-2.5-pro-preview-05-06,27072,3639,30711,1.25,10.0,0.03384,0.03639,0.07023
20250508_aaab8213,2025-05-08 19:56:43,Content Polishing,gemini-2.5-flash-preview-04-17,4858,3750,8608,0.15,3.5,0.000729,0.013125,0.013854
20250508_aaab8213,2025-05-08 19:57:39,Section 7: VII. 결론 및 전략적 제언,gemini-2.5-pro-preview-05-06,31465,3742,35207,1.25,10.0,0.039331,0.03742,0.076751
20250508_aaab8213,2025-05-08 19:58:02,Content Polishing,gemini-2.5-flash-preview-04-17,4961,3980,8941,0.15,3.5,0.000744,0.01393,0.014674
20250508_aaab8213,2025-05-08 19:58:39,Section 8: VIII. 다음 단계 및 실행 로드맵,gemini-2.5-pro-preview-05-06,35961,2143,38104,1.25,10.0,0.044951,0.02143,0.066381
20250508_aaab8213,2025-05-08 19:58:55,Content Polishing,gemini-2.5-flash-preview-04-17,3362,2189,5551,0.15,3.5,0.000504,0.007661,0.008165
20250508_d30770fc,2025-05-08 20:10:11,Table of Contents Generation,gemini-2.5-pro-preview-05-06,1254,2961,4215,1.25,10.0,0.001568,0.02961,0.031178
20250508_d30770fc,2025-05-08 20:10:15,Table of Contents Extraction,gemini-2.5-flash-preview-04-17,4320,176,4496,0.15,3.5,0.000648,0.000616,0.001264
20250508_d30770fc,2025-05-08 20:11:08,Section Demo: II. 프리미엄 신용카드 시장 환경 분석,gemini-2.5-pro-preview-05-06,4973,3079,8052,1.25,10.0,0.006216,0.03079,0.037006
20250508_d30770fc,2025-05-08 20:12:37,Content Polishing,gemini-2.5-flash-preview-04-17,5782,4635,10417,0.15,3.5,0.000867,0.016223,0.01709
20250508_64bdf7c7,2025-05-08 21:54:37,Table of Contents Generation,gemini-2.5-pro-preview-05-06,1256,2945,4201,1.25,10.0,0.00157,0.02945,0.03102
20250508_64bdf7c7,2025-05-08 21:54:42,Table of Contents Extraction,gemini-2.5-flash-preview-04-17,4302,251,4553,0.15,3.5,0.000645,0.000879,0.001524
20250508_64bdf7c7,2025-05-08 21:55:17,Section 1: II. 국내 프리미엄 신용카드 시장 동향 및 전망: 기회와 도전 과제,gemini-2.5-pro-preview-05-06,4969,2374,7343,1.25,10.0,0.006211,0.02374,0.029951
20250508_64bdf7c7,2025-05-08 21:55:38,Content Polishing,gemini-2.5-flash-preview-04-17,4743,3531,8274,0.15,3.5,0.000711,0.012358,0.013069
20250508_7d202289,2025-05-08 21:59:05,Table of Contents Generation,gemini-2.5-pro-preview-05-06,1256,2209,3465,1.25,10.0,0.00157,0.02209,0.02366
20250508_7d202289,2025-05-08 21:59:08,Table of Contents Extraction,gemini-2.5-flash-preview-04-17,3566,165,3731,0.15,3.5,0.000535,0.000577,0.001112
20250508_7d202289,2025-05-08 21:59:41,Section 1: II. 국내 프리미엄 신용카드 시장 동향 분석,gemini-2.5-pro-preview-05-06,4223,3658,7881,1.25,10.0,0.005279,0.03658,0.041859
20250508_7d202289,2025-05-08 22:00:15,Content Polishing,gemini-2.5-flash-preview-04-17,7075,5984,13059,0.15,3.5,0.001061,0.020944,0.022005
20250508_0ab97552,2025-05-08 22:05:43,Table of Contents Generation,gemini-2.5-pro-preview-05-06,1256,3808,5064,1.25,10.0,0.00157,0.03808,0.03965
20250508_0ab97552,2025-05-08 22:05:45,Table of Contents Extraction,gemini-2.5-flash-preview-04-17,5165,201,5366,0.15,3.5,0.000775,0.000704,0.001479
20250508_0ab97552,2025-05-08 22:06:22,Section 1: II. 국내 프리미엄 신용카드 시장 환경 분석,gemini-2.5-pro-preview-05-06,5822,2174,7996,1.25,10.0,0.007278,0.02174,0.029018
20250508_0ab97552,2025-05-08 22:07:18,Content Polishing,gemini-2.5-flash-preview-04-17,3393,2317,5710,0.15,3.5,0.000509,0.00811,0.008619
20250508_7226397b,2025-05-08 22:40:32,Table of Contents Generation,gemini-2.5-pro-preview-05-06,1256,2892,4148,1.25,10.0,0.00157,0.02892,0.03049
20250508_7226397b,2025-05-08 22:40:34,Table of Contents Extraction,gemini-2.5-flash-preview-04-17,4249,192,4441,0.15,3.5,0.000637,0.000672,0.001309
20250508_7226397b,2025-05-08 22:41:02,Section 1: I. 서론: 프리미엄 신용카드 시장의 현재와 미래,gemini-2.5-pro-preview-05-06,4909,1062,5971,1.25,10.0,0.006136,0.01062,0.016756
20250508_7226397b,2025-05-08 22:41:21,Content Polishing,gemini-2.5-flash-preview-04-17,2381,1164,3545,0.15,3.5,0.000357,0.004074,0.004431
20250508_7226397b,2025-05-08 22:42:08,Section 2: II. 국내 프리미엄 신용카드 시장 동향 분석,gemini-2.5-pro-preview-05-06,6729,3033,9762,1.25,10.0,0.008411,0.03033,0.038741
20250508_26f85044,2025-05-08 22:44:08,Table of Contents Generation,gemini-2.5-pro-preview-05-06,1256,2708,3964,1.25,10.0,0.00157,0.02708,0.02865
20250508_26f85044,2025-05-08 22:44:10,Table of Contents Extraction,gemini-2.5-flash-preview-04-17,4065,192,4257,0.15,3.5,0.00061,0.000672,0.001282
20250508_26f85044,2025-05-08 22:44:43,Section 1: I. 보고서 개요,gemini-2.5-pro-preview-05-06,4712,2218,6930,1.25,10.0,0.00589,0.02218,0.02807
20250508_26f85044,2025-05-08 22:45:02,Content Polishing,gemini-2.5-flash-preview-04-17,4353,3156,7509,0.15,3.5,0.000653,0.011046,0.011699
20250508_26f85044,2025-05-08 22:45:43,Section 2: II. 국내 프리미엄 신용카드 시장 환경 분석,gemini-2.5-pro-preview-05-06,7688,2930,10618,1.25,10.0,0.00961,0.0293,0.03891
20250508_26f85044,2025-05-08 22:46:09,Content Polishing,gemini-2.5-flash-preview-04-17,5449,4320,9769,0.15,3.5,0.000817,0.01512,0.015937
20250508_26f85044,2025-05-08 22:47:00,Section 3: III. 주요 은행 프리미엄 신용카드 상품 심층 비교 분석,gemini-2.5-pro-preview-05-06,11379,3347,14726,1.25,10.0,0.014224,0.03347,0.047694
20250508_26f85044,2025-05-08 22:47:46,Content Polishing,gemini-2.5-flash-preview-04-17,7068,6113,13181,0.15,3.5,0.00106,0.021396,0.022456
20250508_26f85044,2025-05-08 22:48:36,Section 4: IV. 가격 정책 및 수수료 구조 비교 분석,gemini-2.5-pro-preview-05-06,15483,3555,19038,1.25,10.0,0.019354,0.03555,0.054904
20250508_26f85044,2025-05-08 22:49:02,Content Polishing,gemini-2.5-flash-preview-04-17,4774,3652,8426,0.15,3.5,0.000716,0.012782,0.013498
20250508_26f85044,2025-05-08 22:49:59,Section 5: V. 리워드 프로그램 및 고객 혜택 비교 분석,gemini-2.5-pro-preview-05-06,19795,5035,24830,1.25,10.0,0.024744,0.05035,0.075094
20250508_26f85044,2025-05-08 22:51:08,Content Polishing,gemini-2.5-flash-preview-04-17,7814,6774,14588,0.15,3.5,0.001172,0.023709,0.024881
20250508_26f85044,2025-05-08 22:51:48,Section 6: VI. 디지털 금융 경쟁력 및 모바일 플랫폼 분석,gemini-2.5-pro-preview-05-06,25590,4343,29933,1.25,10.0,0.031988,0.04343,0.075418
20250508_26f85044,2025-05-08 22:52:14,Content Polishing,gemini-2.5-flash-preview-04-17,5562,4673,10235,0.15,3.5,0.000834,0.016355,0.017189
20250508_dc8b8a34,2025-05-08 22:54:42,Table of Contents Generation,gemini-2.5-pro-preview-05-06,1256,3155,4411,1.25,10.0,0.00157,0.03155,0.03312
20250508_dc8b8a34,2025-05-08 22:54:45,Table of Contents Extraction,gemini-2.5-flash-preview-04-17,4512,183,4695,0.15,3.5,0.000677,0.000641,0.001318
20250508_dc8b8a34,2025-05-08 22:55:19,Section 1: I. 보고서 개요,gemini-2.5-pro-preview-05-06,5159,1574,6733,1.25,10.0,0.006449,0.01574,0.022189
20250508_dc8b8a34,2025-05-08 22:55:42,Content Polishing,gemini-2.5-flash-preview-04-17,3343,2131,5474,0.15,3.5,0.000501,0.007458,0.007959
20250508_dc8b8a34,2025-05-08 22:56:25,Section 2: II. 국내 프리미엄 신용카드 시장 동향 분석,gemini-2.5-pro-preview-05-06,7491,2948,10439,1.25,10.0,0.009364,0.02948,0.038844
20250508_dc8b8a34,2025-05-08 22:56:58,Content Polishing,gemini-2.5-flash-preview-04-17,5851,4914,10765,0.15,3.5,0.000878,0.017199,0.018077
20250508_dc8b8a34,2025-05-08 22:57:29,Section 3: III. 주요 경쟁사 프리미엄 신용카드 비교 분석: KB국민카드 vs 하나카드 vs 우리카드,gemini-2.5-pro-preview-05-06,11212,4080,15292,1.25,10.0,0.014015,0.0408,0.054815
20250508_dc8b8a34,2025-05-08 22:58:13,Content Polishing,gemini-2.5-flash-preview-04-17,8111,6974,15085,0.15,3.5,0.001217,0.024409,0.025626
20250508_dc8b8a34,2025-05-08 22:58:53,Section 4: IV. 프리미엄 신용카드 핵심 경쟁 요소별 심층 분석,gemini-2.5-pro-preview-05-06,16054,3778,19832,1.25,10.0,0.020067,0.03778,0.057847
20250508_dc8b8a34,2025-05-08 22:59:32,Content Polishing,gemini-2.5-flash-preview-04-17,6054,5003,11057,0.15,3.5,0.000908,0.01751,0.018418
20250508_dc8b8a34,2025-05-08 22:59:59,Section 5: V. 목표 시장 세분화 및 타겟 고객 전략,gemini-2.5-pro-preview-05-06,20590,2738,23328,1.25,10.0,0.025737,0.02738,0.053117
20250508_dc8b8a34,2025-05-08 23:00:51,Content Polishing,gemini-2.5-flash-preview-04-17,3957,2752,6709,0.15,3.5,0.000594,0.009632,0.010226
20250508_8136ddf7,2025-05-08 23:15:08,Table of Contents Generation,gemini-2.5-pro-preview-05-06,1256,3052,4308,1.25,10.0,0.00157,0.03052,0.03209
20250508_8136ddf7,2025-05-08 23:15:11,Table of Contents Extraction,gemini-2.5-flash-preview-04-17,4409,185,4594,0.15,3.5,0.000661,0.000647,0.001308
20250508_28b37e5c,2025-05-08 23:16:10,Table of Contents Generation,gemini-2.5-pro-preview-05-06,1256,2391,3647,1.25,10.0,0.00157,0.02391,0.02548
20250508_28b37e5c,2025-05-08 23:16:12,Table of Contents Extraction,gemini-2.5-flash-preview-04-17,3748,205,3953,0.15,3.5,0.000562,0.000718,0.00128
20250508_65cf4bb8,2025-05-08 23:21:11,Table of Contents Generation,gemini-2.5-pro-preview-05-06,1256,2276,3532,1.25,10.0,0.00157,0.02276,0.02433
20250508_65cf4bb8,2025-05-08 23:21:14,Table of Contents Extraction,gemini-2.5-flash-preview-04-17,3633,185,3818,0.15,3.5,0.000545,0.000647,0.001192
20250508_65cf4bb8,2025-05-08 23:21:33,Section 1: I. 보고서 개요,gemini-2.5-pro-preview-05-06,4280,1018,5298,1.25,10.0,0.00535,0.01018,0.01553
20250508_65cf4bb8,2025-05-08 23:21:59,Content Polishing,gemini-2.5-flash-preview-04-17,2653,1453,4106,0.15,3.5,0.000398,0.005085,0.005483
20250508_8a62b3bf,2025-05-08 23:27:50,Table of Contents Generation,gemini-2.5-pro-preview-05-06,1256,3704,4960,1.25,10.0,0.00157,0.03704,0.03861
20250508_8a62b3bf,2025-05-08 23:27:53,Table of Contents Extraction,gemini-2.5-flash-preview-04-17,5061,212,5273,0.15,3.5,0.000759,0.000742,0.001501
20250508_8a62b3bf,2025-05-08 23:28:09,Section 1: I. 보고서 개요,gemini-2.5-pro-preview-05-06,5708,702,6410,1.25,10.0,0.007135,0.00702,0.014155
20250508_8a62b3bf,2025-05-08 23:28:39,Content Polishing,gemini-2.5-flash-preview-04-17,2121,925,3046,0.15,3.5,0.000318,0.003237,0.003555
20250508_8a62b3bf,2025-05-08 23:29:23,Section 2: II. 국내 프리미엄 신용카드 시장 동향 및 경쟁 환경 분석,gemini-2.5-pro-preview-05-06,7173,2300,9473,1.25,10.0,0.008966,0.023,0.031966
20250508_8a62b3bf,2025-05-08 23:30:03,Content Polishing,gemini-2.5-flash-preview-04-17,5267,4069,9336,0.15,3.5,0.00079,0.014242,0.015032
20250508_27533a07,2025-05-08 23:39:58,Table of Contents Generation,gemini-2.5-pro-preview-05-06,1256,2710,3966,1.25,10.0,0.00157,0.0271,0.02867
20250508_27533a07,2025-05-08 23:40:02,Table of Contents Extraction,gemini-2.5-flash-preview-04-17,4067,212,4279,0.15,3.5,0.00061,0.000742,0.001352
20250508_27533a07,2025-05-08 23:40:18,Section 1: I. 보고서 개요,gemini-2.5-pro-preview-05-06,4714,674,5388,1.25,10.0,0.005893,0.00674,0.012633
20250508_27533a07,2025-05-08 23:40:33,Content Polishing,gemini-2.5-flash-preview-04-17,2113,901,3014,0.15,3.5,0.000317,0.003154,0.003471
20250508_21bcd9ad,2025-05-08 23:42:06,Table of Contents Generation,gemini-2.5-pro-preview-05-06,1256,3096,4352,1.25,10.0,0.00157,0.03096,0.03253
20250508_21bcd9ad,2025-05-08 23:42:12,Table of Contents Extraction,gemini-2.5-flash-preview-04-17,4453,186,4639,0.15,3.5,0.000668,0.000651,0.001319
20250508_21bcd9ad,2025-05-08 23:42:41,Section 1: 보고서 요약,gemini-2.5-pro-preview-05-06,5098,1157,6255,1.25,10.0,0.006372,0.01157,0.017942
20250508_e8d1c6e8,2025-05-08 23:47:01,Table of Contents Generation,gemini-2.5-pro-preview-05-06,1256,3363,4619,1.25,10.0,0.00157,0.03363,0.0352
20250508_e8d1c6e8,2025-05-08 23:47:03,Table of Contents Extraction,gemini-2.5-flash-preview-04-17,4720,196,4916,0.15,3.5,0.000708,0.000686,0.001394
20250508_e8d1c6e8,2025-05-08 23:47:26,Section 1: I. 보고서 개요 및 목적,gemini-2.5-pro-preview-05-06,5370,792,6162,1.25,10.0,0.006712,0.00792,0.014632
20250508_e8d1c6e8,2025-05-08 23:47:34,Content Polishing,gemini-2.5-flash-preview-04-17,2151,934,3085,0.15,3.5,0.000323,0.003269,0.003592
20250508_e8d1c6e8,2025-05-08 23:48:19,Section 2: II. 국내 프리미엄 신용카드 시장 환경 분석,gemini-2.5-pro-preview-05-06,6920,2972,9892,1.25,10.0,0.00865,0.02972,0.03837
20250508_3e587fba,2025-05-08 23:50:47,Table of Contents Generation,gemini-2.5-pro-preview-05-06,1256,2258,3514,1.25,10.0,0.00157,0.02258,0.02415
20250508_3e587fba,2025-05-08 23:50:52,Table of Contents Extraction,gemini-2.5-flash-preview-04-17,3615,239,3854,0.15,3.5,0.000542,0.000837,0.001379
20250508_8801b4aa,2025-05-08 23:52:49,Table of Contents Generation,gemini-2.5-pro-preview-05-06,1256,5261,6517,1.25,10.0,0.00157,0.05261,0.05418
20250508_8801b4aa,2025-05-08 23:52:52,Table of Contents Extraction,gemini-2.5-flash-preview-04-17,6618,156,6774,0.15,3.5,0.000993,0.000546,0.001539
20250508_8801b4aa,2025-05-08 23:53:16,Section 1: I. 최고 경영진 요약,gemini-2.5-pro-preview-05-06,7268,1170,8438,1.25,10.0,0.009085,0.0117,0.020785
20250508_8801b4aa,2025-05-08 23:53:38,Content Polishing,gemini-2.5-flash-preview-04-17,2905,1783,4688,0.15,3.5,0.000436,0.006241,0.006677
20250508_5244aca0,2025-05-08 23:55:07,Table of Contents Generation,gemini-2.5-pro-preview-05-06,1256,3034,4290,1.25,10.0,0.00157,0.03034,0.03191
20250508_5244aca0,2025-05-08 23:55:11,Table of Contents Extraction,gemini-2.5-flash-preview-04-17,4391,223,4614,0.15,3.5,0.000659,0.000781,0.00144
20250508_5244aca0,2025-05-08 23:55:27,Section 1: I. 보고서 개요 및 목적,gemini-2.5-pro-preview-05-06,5041,758,5799,1.25,10.0,0.006301,0.00758,0.013881
20250508_5244aca0,2025-05-08 23:55:52,Content Polishing,gemini-2.5-flash-preview-04-17,2137,960,3097,0.15,3.5,0.000321,0.00336,0.003681
20250508_5244aca0,2025-05-08 23:56:28,Section 2: II. 국내 프리미엄 신용카드 시장 현황 및 트렌드 분석,gemini-2.5-pro-preview-05-06,6561,1821,8382,1.25,10.0,0.008201,0.01821,0.026411
20250508_5244aca0,2025-05-08 23:57:05,Content Polishing,gemini-2.5-flash-preview-04-17,3818,2710,6528,0.15,3.5,0.000573,0.009485,0.010058
20250508_e562fabc,2025-05-08 23:59:37,Table of Contents Generation,gemini-2.5-pro-preview-05-06,1256,2900,4156,1.25,10.0,0.00157,0.029,0.03057
20250508_e562fabc,2025-05-08 23:59:41,Table of Contents Extraction,gemini-2.5-flash-preview-04-17,4257,224,4481,0.15,3.5,0.000639,0.000784,0.001423
20250508_e562fabc,2025-05-09 00:00:03,Section 1: I. 보고서 개요,gemini-2.5-pro-preview-05-06,4904,904,5808,1.25,10.0,0.00613,0.00904,0.01517
20250508_e562fabc,2025-05-09 00:00:22,Content Polishing,gemini-2.5-flash-preview-04-17,2367,1164,3531,0.15,3.5,0.000355,0.004074,0.004429
20250508_e562fabc,2025-05-09 00:00:56,Section 2: II. 국내 프리미엄 신용카드 시장 환경 분석,gemini-2.5-pro-preview-05-06,6566,1453,8019,1.25,10.0,0.008207,0.01453,0.022737
20250508_e562fabc,2025-05-09 00:01:17,Content Polishing,gemini-2.5-flash-preview-04-17,3660,2473,6133,0.15,3.5,0.000549,0.008655,0.009204
20250508_e562fabc,2025-05-09 00:02:08,"Section 3: III. 주요 경쟁사 프리미엄 카드 상품 심층 비교 분석: KB국민카드, 하나카드, 우리카드",gemini-2.5-pro-preview-05-06,8792,4261,13053,1.25,10.0,0.01099,0.04261,0.0536
20250508_e562fabc,2025-05-09 00:02:52,Content Polishing,gemini-2.5-flash-preview-04-17,7017,6328,13345,0.15,3.5,0.001053,0.022148,0.023201
20250508_e562fabc,2025-05-09 00:03:45,Section 4: IV. 핵심 경쟁 요소별 상세 비교 분석: 연회비부터 고객 지원까지,gemini-2.5-pro-preview-05-06,13818,4468,18286,1.25,10.0,0.017272,0.04468,0.061952
20250508_e562fabc,2025-05-09 00:04:20,Content Polishing,gemini-2.5-flash-preview-04-17,5687,4637,10324,0.15,3.5,0.000853,0.01623,0.017083
20250508_e562fabc,2025-05-09 00:05:08,Section 5: V. 디지털 서비스 및 모바일 플랫폼 경쟁력 비교,gemini-2.5-pro-preview-05-06,19046,2971,22017,1.25,10.0,0.023807,0.02971,0.053517
20250508_e562fabc,2025-05-09 00:05:54,Content Polishing,gemini-2.5-flash-preview-04-17,4190,2971,7161,0.15,3.5,0.000629,0.010398,0.011027
20250508_e562fabc,2025-05-09 00:06:37,Section 6: VI. 고객 서비스 및 지원 체계 비교 분석,gemini-2.5-pro-preview-05-06,22771,3100,25871,1.25,10.0,0.028464,0.031,0.059464
20250508_e562fabc,2025-05-09 00:06:55,Content Polishing,gemini-2.5-flash-preview-04-17,4319,3143,7462,0.15,3.5,0.000648,0.011,0.011648
20250508_e562fabc,2025-05-09 00:07:46,Section 7: VII. 시장 성과 지표 비교 분석: 발급량부터 수익성까지,gemini-2.5-pro-preview-05-06,26633,3620,30253,1.25,10.0,0.033291,0.0362,0.069491
20250509_4ec03c16,2025-05-09 00:19:17,Table of Contents Generation,gemini-2.5-pro-preview-05-06,1256,3057,4313,1.25,10.0,0.00157,0.03057,0.03214
20250509_4ec03c16,2025-05-09 00:19:21,Table of Contents Extraction,gemini-2.5-flash-preview-04-17,4414,154,4568,0.15,3.5,0.000662,0.000539,0.001201
20250509_4ec03c16,2025-05-09 00:19:50,Section 1: 서론: 프리미엄 카드 시장의 현재와 미래,gemini-2.5-pro-preview-05-06,5069,1229,6298,1.25,10.0,0.006336,0.01229,0.018626
20250509_1356e4fc,2025-05-09 00:21:08,Table of Contents Generation,gemini-2.5-pro-preview-05-06,1256,1669,2925,1.25,10.0,0.00157,0.01669,0.01826
20250509_1356e4fc,2025-05-09 00:21:12,Table of Contents Extraction,gemini-2.5-flash-preview-04-17,3026,175,3201,0.15,3.5,0.000454,0.000612,0.001066
20250509_cce996d8,2025-05-09 00:22:48,Table of Contents Generation,gemini-2.5-pro-preview-05-06,1256,4384,5640,1.25,10.0,0.00157,0.04384,0.04541
20250509_cce996d8,2025-05-09 00:22:51,Table of Contents Extraction,gemini-2.5-flash-preview-04-17,5741,188,5929,0.15,3.5,0.000861,0.000658,0.001519
20250509_d41af577,2025-05-09 00:24:56,Table of Contents Generation,gemini-2.5-pro-preview-05-06,1256,2974,4230,1.25,10.0,0.00157,0.02974,0.03131
20250509_d41af577,2025-05-09 00:24:59,Table of Contents Extraction,gemini-2.5-flash-preview-04-17,4331,222,4553,0.15,3.5,0.00065,0.000777,0.001427
20250509_d41af577,2025-05-09 00:25:20,Section 1: I. 서론: 국내 프리미엄 신용카드 시장 현황 및 본 보고서의 목적,gemini-2.5-pro-preview-05-06,4997,1023,6020,1.25,10.0,0.006246,0.01023,0.016476
20250509_d41af577,2025-05-09 00:25:40,Content Polishing,gemini-2.5-flash-preview-04-17,2820,1622,4442,0.15,3.5,0.000423,0.005677,0.0061
20250509_93e61eef,2025-05-09 00:47:01,Table of Contents Generation,gemini-2.5-pro-preview-05-06,1256,1888,3144,1.25,10.0,0.00157,0.01888,0.02045
20250509_93e61eef,2025-05-09 00:47:06,Table of Contents Extraction,gemini-2.5-flash-preview-04-17,3245,144,3389,0.15,3.5,0.000487,0.000504,0.000991
20250509_93e61eef,2025-05-09 00:47:54,Section 1: KB국민카드 프리미엄 상품 포트폴리오 심층 분석,gemini-2.5-pro-preview-05-06,3903,3068,6971,1.25,10.0,0.004879,0.03068,0.035559
20250509_93e61eef,2025-05-09 00:48:25,Content Polishing,gemini-2.5-flash-preview-04-17,6721,5561,12282,0.15,3.5,0.001008,0.019464,0.020472
20250509_e0320fef,2025-05-09 00:51:40,Table of Contents Generation,gemini-2.5-pro-preview-05-06,1256,2306,3562,1.25,10.0,0.00157,0.02306,0.02463
20250509_e0320fef,2025-05-09 00:51:45,Table of Contents Extraction,gemini-2.5-flash-preview-04-17,3663,197,3860,0.15,3.5,0.000549,0.00069,0.001239
20250509_e0320fef,2025-05-09 00:52:24,Section 1: 국내 프리미엄 신용카드 시장 동향 및 경쟁 환경 분석,gemini-2.5-pro-preview-05-06,4323,2063,6386,1.25,10.0,0.005404,0.02063,0.026034
20250509_e0320fef,2025-05-09 00:53:33,Content Polishing,gemini-2.5-flash-preview-04-17,5416,4337,9753,0.15,3.5,0.000812,0.01518,0.015992
20250509_8e70fd78,2025-05-09 01:04:06,Table of Contents Generation,gemini-2.5-pro-preview-05-06,1256,2563,3819,1.25,10.0,0.00157,0.02563,0.0272
20250509_8e70fd78,2025-05-09 01:04:08,Table of Contents Extraction,gemini-2.5-flash-preview-04-17,3920,217,4137,0.15,3.5,0.000588,0.000759,0.001347
20250509_8e70fd78,2025-05-09 01:04:52,Section 1: II. 국내 프리미엄 신용카드 시장 환경 분석: 기회와 도전 과제,gemini-2.5-pro-preview-05-06,4585,2839,7424,1.25,10.0,0.005731,0.02839,0.034121
20250509_8e70fd78,2025-05-09 01:05:24,Content Polishing,gemini-2.5-flash-preview-04-17,6294,5421,11715,0.15,3.5,0.000944,0.018974,0.019918
20250509_98b6aedb,2025-05-09 01:45:55,Table of Contents Generation,gemini-2.5-pro-preview-05-06,1256,2287,3543,1.25,10.0,0.00157,0.02287,0.02444
20250509_98b6aedb,2025-05-09 01:45:58,Table of Contents Extraction,gemini-2.5-flash-preview-04-17,3644,174,3818,0.15,3.5,0.000547,0.000609,0.001156
20250509_98b6aedb,2025-05-09 01:46:40,Section 1: II. 국내 프리미엄 신용카드 시장 환경 분석,gemini-2.5-pro-preview-05-06,4301,2450,6751,1.25,10.0,0.005376,0.0245,0.029876
20250509_98b6aedb,2025-05-09 01:47:24,Content Polishing,gemini-2.5-flash-preview-04-17,4929,3725,8654,0.15,3.5,0.000739,0.013038,0.013777
20250509_255d6c0c,2025-05-09 01:52:54,Table of Contents Generation,gemini-2.5-pro-preview-05-06,1256,3838,5094,1.25,10.0,0.00157,0.03838,0.03995
20250509_255d6c0c,2025-05-09 01:53:02,Table of Contents Extraction,gemini-2.5-flash-preview-04-17,5195,173,5368,0.15,3.5,0.000779,0.000606,0.001385
20250509_255d6c0c,2025-05-09 01:53:50,Section 1: II. 국내 프리미엄 신용카드 시장 동향 분석,gemini-2.5-pro-preview-05-06,5852,2969,8821,1.25,10.0,0.007315,0.02969,0.037005
20250509_255d6c0c,2025-05-09 01:54:16,Content Polishing,gemini-2.5-flash-preview-04-17,5459,4324,9783,0.15,3.5,0.000819,0.015134,0.015953
20250509_a552a3c3,2025-05-09 01:55:24,Table of Contents Generation,gemini-2.5-pro-preview-05-06,1256,1550,2806,1.25,10.0,0.00157,0.0155,0.01707
20250509_a552a3c3,2025-05-09 01:55:26,Table of Contents Extraction,gemini-2.5-flash-preview-04-17,2907,206,3113,0.15,3.5,0.000436,0.000721,0.001157
20250509_a552a3c3,2025-05-09 01:56:23,"Section 1: II. 프리미엄 신용카드 상품 비교 분석: KB국민카드 vs 주요 경쟁사 하나카드, 우리카드, 신한카드",gemini-2.5-pro-preview-05-06,3585,4709,8294,1.25,10.0,0.004481,0.04709,0.051571
20250509_a552a3c3,2025-05-09 01:57:13,Content Polishing,gemini-2.5-flash-preview-04-17,8501,7415,15916,0.15,3.5,0.001275,0.025952,0.027227
20250509_c246d45a,2025-05-09 01:58:54,Table of Contents Generation,gemini-2.5-pro-preview-05-06,1256,2030,3286,1.25,10.0,0.00157,0.0203,0.02187
20250509_c246d45a,2025-05-09 01:58:58,Table of Contents Extraction,gemini-2.5-flash-preview-04-17,3387,191,3578,0.15,3.5,0.000508,0.000669,0.001177
20250509_c246d45a,2025-05-09 01:59:24,Section 1: II. 국내 프리미엄 신용카드 시장 환경 분석,gemini-2.5-pro-preview-05-06,4044,2476,6520,1.25,10.0,0.005055,0.02476,0.029815
20250509_c246d45a,2025-05-09 02:00:54,Content Polishing,gemini-2.5-flash-preview-04-17,4700,3500,8200,0.15,3.5,0.000705,0.01225,0.012955
20250509_f1ba89d2,2025-05-09 02:07:44,Table of Contents Generation,gemini-2.5-pro-preview-05-06,1256,2649,3905,1.25,10.0,0.00157,0.02649,0.02806
20250509_f1ba89d2,2025-05-09 02:07:46,Table of Contents Extraction,gemini-2.5-flash-preview-04-17,4006,197,4203,0.15,3.5,0.000601,0.00069,0.001291
20250509_f1ba89d2,2025-05-09 02:08:36,Section 1: II. 국내 프리미엄 신용카드 시장 환경 분석,gemini-2.5-pro-preview-05-06,4663,2835,7498,1.25,10.0,0.005829,0.02835,0.034179
20250509_f1ba89d2,2025-05-09 02:09:57,Content Polishing,gemini-2.5-flash-preview-04-17,5216,4013,9229,0.15,3.5,0.000782,0.014046,0.014828
20250509_66f7f7eb,2025-05-09 02:13:28,Table of Contents Generation,gemini-2.5-pro-preview-05-06,1256,2328,3584,1.25,10.0,0.00157,0.02328,0.02485
20250509_66f7f7eb,2025-05-09 02:13:30,Table of Contents Extraction,gemini-2.5-flash-preview-04-17,3685,176,3861,0.15,3.5,0.000553,0.000616,0.001169
20250509_66f7f7eb,2025-05-09 02:14:18,Section 1: II. 프리미엄 신용카드 상품 비교 분석: KB국민카드 vs 주요 경쟁사,gemini-2.5-pro-preview-05-06,4351,3519,7870,1.25,10.0,0.005439,0.03519,0.040629
20250509_66f7f7eb,2025-05-09 02:14:53,Content Polishing,gemini-2.5-flash-preview-04-17,6441,5349,11790,0.15,3.5,0.000966,0.018721,0.019687
20250509_71c40c0e,2025-05-09 02:17:39,Table of Contents Generation,gemini-2.5-pro-preview-05-06,1256,2208,3464,1.25,10.0,0.00157,0.02208,0.02365
20250509_71c40c0e,2025-05-09 02:17:43,Table of Contents Extraction,gemini-2.5-flash-preview-04-17,3565,229,3794,0.15,3.5,0.000535,0.000802,0.001337
20250509_71c40c0e,2025-05-09 02:18:41,"Section 1: II. 비교 대상 프리미엄 신용카드 상품 개요: KB국민, 하나, 우리, 신한은행",gemini-2.5-pro-preview-05-06,4235,1512,5747,1.25,10.0,0.005294,0.01512,0.020414
20250509_71c40c0e,2025-05-09 02:19:11,Content Polishing,gemini-2.5-flash-preview-04-17,3741,2526,6267,0.15,3.5,0.000561,0.008841,0.009402
20250509_ac5ea88b,2025-05-09 02:22:44,Table of Contents Generation,gemini-2.5-pro-preview-05-06,1256,2670,3926,1.25,10.0,0.00157,0.0267,0.02827
20250509_ac5ea88b,2025-05-09 02:22:49,Table of Contents Extraction,gemini-2.5-flash-preview-04-17,4027,183,4210,0.15,3.5,0.000604,0.000641,0.001245
20250509_ac5ea88b,2025-05-09 02:23:33,Section 1: II. 국내 프리미엄 신용카드 시장 환경 분석,gemini-2.5-pro-preview-05-06,4684,3167,7851,1.25,10.0,0.005855,0.03167,0.037525
20250509_ac5ea88b,2025-05-09 02:24:00,Content Polishing,gemini-2.5-flash-preview-04-17,6088,4946,11034,0.15,3.5,0.000913,0.017311,0.018224
20250509_f5ba1289,2025-05-09 02:27:59,Table of Contents Generation,gemini-2.5-pro-preview-05-06,1256,3393,4649,1.25,10.0,0.00157,0.03393,0.0355
20250509_f5ba1289,2025-05-09 02:28:01,Table of Contents Extraction,gemini-2.5-flash-preview-04-17,4750,194,4944,0.15,3.5,0.000713,0.000679,0.001392
20250509_f5ba1289,2025-05-09 02:28:43,Section 1: II. 국내 프리미엄 신용카드 시장 동향 및 전망,gemini-2.5-pro-preview-05-06,5409,2500,7909,1.25,10.0,0.006761,0.025,0.031761
20250509_f5ba1289,2025-05-09 02:29:50,Content Polishing,gemini-2.5-flash-preview-04-17,5180,4026,9206,0.15,3.5,0.000777,0.014091,0.014868
20250509_38291883,2025-05-09 02:31:41,Table of Contents Generation,gemini-2.5-pro-preview-05-06,1256,2859,4115,1.25,10.0,0.00157,0.02859,0.03016
20250509_38291883,2025-05-09 02:31:43,Table of Contents Extraction,gemini-2.5-flash-preview-04-17,4216,218,4434,0.15,3.5,0.000632,0.000763,0.001395
20250509_38291883,2025-05-09 02:32:34,Section 1: II. 국내 프리미엄 신용카드 시장 환경 분석,gemini-2.5-pro-preview-05-06,4873,3283,8156,1.25,10.0,0.006091,0.03283,0.038921
20250509_38291883,2025-05-09 02:33:07,Content Polishing,gemini-2.5-flash-preview-04-17,5852,4644,10496,0.15,3.5,0.000878,0.016254,0.017132
